Sample Size,Theoretical ES,Parametric ES,Empirical ES,Parametric ES Error,Empirical ES Error,Parametric ES Error (%),Empirical ES Error (%)
1000000,1.401293,0.917273,1.402837,0.484020,0.001544,34.540963,0.110205
10000000,1.401293,0.916084,1.400674,0.485209,0.000619,34.625813,0.044141
100000000,1.401293,0.916288,1.401702,0.485005,0.000409,34.611226,0.029218
